[
    {
        "model": "players.discorduser",
        "pk": "dc_user_1V690dY0rupJwdllFB0peU",
        "fields": {
            "user_id": "1136727172229373992",
            "username": "orangeliveboxrouter",
            "created_at": "2024-03-02T19:33:26.656Z",
            "updated_at": "2024-03-02T19:33:26.656Z"
        }
    },
    {
        "model": "players.discorduser",
        "pk": "dc_user_3YTMW0GVZiSF7FKgXtmN8V",
        "fields": {
            "user_id": "493797036869681153",
            "username": ".rzeznia",
            "created_at": "2024-03-02T19:32:15.831Z",
            "updated_at": "2024-03-02T19:32:15.831Z"
        }
    },
    {
        "model": "players.discorduser",
        "pk": "dc_user_4FAW2JcWo3WSaDc06fdmbR",
        "fields": {
            "user_id": "808695534872297505",
            "username": "starss",
            "created_at": "2024-03-02T19:33:35.616Z",
            "updated_at": "2024-03-02T19:33:35.616Z"
        }
    },
    {
        "model": "players.discorduser",
        "pk": "dc_user_5gq9QBBHxdW58rEHoiRQM2",
        "fields": {
            "user_id": "567650749090234368",
            "username": "harvi9",
            "created_at": "2024-03-02T19:31:28.859Z",
            "updated_at": "2024-03-02T19:31:28.859Z"
        }
    },
    {
        "model": "players.discorduser",
        "pk": "dc_user_5TX9Vy2JCpr22maAH8lUy8",
        "fields": {
            "user_id": "463451929343688727",
            "username": "zajonc.",
            "created_at": "2024-03-02T19:32:26.857Z",
            "updated_at": "2024-03-02T19:32:26.857Z"
        }
    },
    {
        "model": "players.discorduser",
        "pk": "dc_user_6GPMjKBS6tGI7TJHx9Y2F2",
        "fields": {
            "user_id": "495214448361996298",
            "username": "striker6414",
            "created_at": "2024-03-02T15:01:07.850Z",
            "updated_at": "2024-03-02T15:01:07.850Z"
        }
    },
    {
        "model": "players.discorduser",
        "pk": "dc_user_6Web8Nc0m053E1RIL95ryZ",
        "fields": {
            "user_id": "1118549784177950752",
            "username": "mapedovsky",
            "created_at": "2024-03-02T19:32:45.680Z",
            "updated_at": "2024-03-02T19:32:45.680Z"
        }
    },
    {
        "model": "players.discorduser",
        "pk": "dc_user_6Wobo8gV3MQsdRszk7HnQA",
        "fields": {
            "user_id": "315418005913993216",
            "username": "qwewt",
            "created_at": "2024-03-02T19:32:02.005Z",
            "updated_at": "2024-03-02T19:32:02.005Z"
        }
    },
    {
        "model": "players.discorduser",
        "pk": "dc_user_7h5sqU3X0cSK8WP3v735i1",
        "fields": {
            "user_id": "451080461448511498",
            "username": "_0lcha",
            "created_at": "2024-03-02T19:31:53.573Z",
            "updated_at": "2024-03-02T19:31:53.573Z"
        }
    },
    {
        "model": "players.discorduser",
        "pk": "dc_user_7odt57eUlH3k00mg1OL0iF",
        "fields": {
            "user_id": "385106508708446209",
            "username": "miniks.",
            "created_at": "2024-03-02T19:31:42.276Z",
            "updated_at": "2024-03-02T19:31:42.276Z"
        }
    },
    {
        "model": "players.discorduser",
        "pk": "dc_user_7y9uch1pyTRMkgBogcNULY",
        "fields": {
            "user_id": "907005053141909594",
            "username": "virdis__",
            "created_at": "2024-03-02T19:32:58.740Z",
            "updated_at": "2024-03-02T19:32:58.740Z"
        }
    },
    {
        "model": "players.discorduser",
        "pk": "dc_user_aQrQYKkyNFwe8hoZTtodn",
        "fields": {
            "user_id": "692055783650754650",
            "username": "bajojajo_stefan",
            "created_at": "2024-03-02T19:33:16.532Z",
            "updated_at": "2024-03-02T19:33:16.532Z"
        }
    },
    {
        "model": "players.discorduser",
        "pk": "dc_user_BRmw5fcRmGdS2TLh5nm1y",
        "fields": {
            "user_id": "859429903170273321",
            "username": "olis1337",
            "created_at": "2024-03-02T19:32:35.930Z",
            "updated_at": "2024-03-02T19:32:35.930Z"
        }
    },
    {
        "model": "players.discorduser",
        "pk": "dc_user_NcIn837QSipiKDE20onWq",
        "fields": {
            "user_id": "429354579961053204",
            "username": "tara_203",
            "created_at": "2024-03-02T19:48:00.993Z",
            "updated_at": "2024-03-02T19:48:00.993Z"
        }
    },
    {
        "model": "players.steamuser",
        "pk": "steam_user_15oNbFqvErPSGQt8E2zlb9",
        "fields": {
            "username": "HarVi",
            "steamid64": "76561198234988840",
            "steamid32": "STEAM_1:0:137361556",
            "profile_url": "https://steamcommunity.com/id/HarViPLgurom/",
            "avatar": "https://avatars.steamstatic.com/adc102a7a0b4ff30c881c149a4a572b118dfb806_full.jpg",
            "created_at": "2024-03-02T19:34:04.925Z",
            "updated_at": "2024-03-02T19:34:04.925Z"
        }
    },
    {
        "model": "players.steamuser",
        "pk": "steam_user_2YTJQSQrqOfL5hqskTnK20",
        "fields": {
            "username": "MAPED",
            "steamid64": "76561199554818833",
            "steamid32": "STEAM_1:1:797276552",
            "profile_url": "https://steamcommunity.com/id/mapedovsky5/",
            "avatar": "https://avatars.steamstatic.com/ba990251449ede49012821154442db31f1d891b2_full.jpg",
            "created_at": "2024-03-02T19:37:10.329Z",
            "updated_at": "2024-03-02T19:37:10.329Z"
        }
    },
    {
        "model": "players.steamuser",
        "pk": "steam_user_42hrmEBDDJo8ivFuQYCdOh",
        "fields": {
            "username": "♣ kashana",
            "steamid64": "76561199105283370",
            "steamid32": "STEAM_1:0:572508821",
            "profile_url": "https://steamcommunity.com/id/zajoncaccount/",
            "avatar": "https://avatars.steamstatic.com/26ee58e5d051353ce9e7d2198671887b6cb7cc6c_full.jpg",
            "created_at": "2024-03-02T19:38:34.385Z",
            "updated_at": "2024-03-02T19:38:34.385Z"
        }
    },
    {
        "model": "players.steamuser",
        "pk": "steam_user_488gu11196EPCGgEDkQ7jJ",
        "fields": {
            "username": "Abdull Mohamed Mother Fakier",
            "steamid64": "76561198151042669",
            "steamid32": "STEAM_1:1:95388470",
            "profile_url": "https://steamcommunity.com/profiles/76561198151042669/",
            "avatar": "https://avatars.steamstatic.com/40b0b3e018e6267f53e549afc7a7d58777f0541c_full.jpg",
            "created_at": "2024-03-02T19:35:53.132Z",
            "updated_at": "2024-03-02T19:35:53.132Z"
        }
    },
    {
        "model": "players.steamuser",
        "pk": "steam_user_4bYgjvKi6EPwKzK18kRW5Z",
        "fields": {
            "username": "Virdis",
            "steamid64": "76561198156230787",
            "steamid32": "STEAM_1:1:97982529",
            "profile_url": "https://steamcommunity.com/id/jiarhbdjiaefkw/",
            "avatar": "https://avatars.steamstatic.com/821b29b66cf0d45d6c8fdd357d5315f9ee1d3e6a_full.jpg",
            "created_at": "2024-03-02T19:37:30.581Z",
            "updated_at": "2024-03-02T19:37:30.581Z"
        }
    },
    {
        "model": "players.steamuser",
        "pk": "steam_user_4LmgvpjV0HuAwcobZGo6Xt",
        "fields": {
            "username": "szczur bartek",
            "steamid64": "76561198415329862",
            "steamid32": "STEAM_1:0:227532067",
            "profile_url": "https://steamcommunity.com/profiles/76561198415329862/",
            "avatar": "https://avatars.steamstatic.com/89d109d5dbd48325d46f590923c74e38b8867f14_full.jpg",
            "created_at": "2024-03-02T19:48:05.174Z",
            "updated_at": "2024-03-02T19:48:05.174Z"
        }
    },
    {
        "model": "players.steamuser",
        "pk": "steam_user_5bUEKuIhRkAyNM2HR1o22y",
        "fields": {
            "username": "Olis",
            "steamid64": "76561198984922371",
            "steamid32": "STEAM_1:1:512328321",
            "profile_url": "https://steamcommunity.com/profiles/76561198984922371/",
            "avatar": "https://avatars.steamstatic.com/6abdf949d7ae65b03fae58edab2970dff2d2238c_full.jpg",
            "created_at": "2024-03-02T19:36:46.001Z",
            "updated_at": "2024-03-02T19:36:46.001Z"
        }
    },
    {
        "model": "players.steamuser",
        "pk": "steam_user_67gmBq3eQYCkn1CVBFrygZ",
        "fields": {
            "username": "Dr, do spraw akustycznych ♿",
            "steamid64": "76561199007528865",
            "steamid32": "STEAM_1:1:523631568",
            "profile_url": "https://steamcommunity.com/profiles/76561199007528865/",
            "avatar": "https://avatars.steamstatic.com/9b6e9b4eabee5138f8ce859127511098f38a225b_full.jpg",
            "created_at": "2024-03-02T19:37:59.247Z",
            "updated_at": "2024-03-02T19:37:59.247Z"
        }
    },
    {
        "model": "players.steamuser",
        "pk": "steam_user_6N7zYvs7rXs9GZXbJqP2vn",
        "fields": {
            "username": "0lchaツ",
            "steamid64": "76561198843434579",
            "steamid32": "STEAM_1:1:441584425",
            "profile_url": "https://steamcommunity.com/profiles/76561198843434579/",
            "avatar": "https://avatars.steamstatic.com/ee71a010283e7665fb23a78f22ad4a990e865067_full.jpg",
            "created_at": "2024-03-02T19:34:59.969Z",
            "updated_at": "2024-03-02T19:34:59.969Z"
        }
    },
    {
        "model": "players.steamuser",
        "pk": "steam_user_6y7U7TKv8HkMBrnB38xbXX",
        "fields": {
            "username": "Miniks",
            "steamid64": "76561198148789334",
            "steamid32": "STEAM_1:0:94261803",
            "profile_url": "https://steamcommunity.com/id/Miniks_/",
            "avatar": "https://avatars.steamstatic.com/fa2a99b0d4d9efef023062d20d55ba63368c0cae_full.jpg",
            "created_at": "2024-03-02T19:34:27.964Z",
            "updated_at": "2024-03-02T19:34:27.964Z"
        }
    },
    {
        "model": "players.steamuser",
        "pk": "steam_user_6YTKixZLN7Fm3e2kRSsZ0F",
        "fields": {
            "username": "☁ストライカー☁",
            "steamid64": "76561198871920745",
            "steamid32": "STEAM_1:1:455827508",
            "profile_url": "https://steamcommunity.com/profiles/76561198871920745/",
            "avatar": "https://avatars.steamstatic.com/543bb32f9249e6738288c0d3ac6987ee25983c41_full.jpg",
            "created_at": "2024-03-02T15:02:50.136Z",
            "updated_at": "2024-03-02T15:02:50.136Z"
        }
    },
    {
        "model": "players.steamuser",
        "pk": "steam_user_7jAZvATB3oi2jqMJDEHWL8",
        "fields": {
            "username": "qwewt",
            "steamid64": "76561198121971215",
            "steamid32": "STEAM_1:1:80852743",
            "profile_url": "https://steamcommunity.com/id/qwewt/",
            "avatar": "https://avatars.steamstatic.com/f0501a13e211c2b9f8c6f8e3ee3a3b2db4d9938c_full.jpg",
            "created_at": "2024-03-02T19:35:25.210Z",
            "updated_at": "2024-03-02T19:35:25.210Z"
        }
    },
    {
        "model": "players.steamuser",
        "pk": "steam_user_7rhYrMKl4PeqHbhxEFeWKR",
        "fields": {
            "username": "ST4RSS",
            "steamid64": "76561199128194020",
            "steamid32": "asdasda",
            "profile_url": "https://steamcommunity.com/profiles/76561199128194020/",
            "avatar": "https://avatars.cloudflare.steamstatic.com/6cc7f1faa69366ae290dd965f6f4a0c18241a15e_full.jpg",
            "created_at": "2024-03-02T19:39:00.985Z",
            "updated_at": "2024-03-02T19:39:00.985Z"
        }
    },
    {
        "model": "players.steamuser",
        "pk": "steam_user_G5BQCSL2zLFUEKWHnBgYo",
        "fields": {
            "username": "♣ kashana",
            "steamid64": "76561199105283370",
            "steamid32": "STEAM_1:0:572508821",
            "profile_url": "https://steamcommunity.com/id/zajoncaccount/",
            "avatar": "https://avatars.steamstatic.com/ad165f4ac66f77bdd759fda4d5e32c8d8925ba25_full.jpg",
            "created_at": "2024-03-02T19:36:21.772Z",
            "updated_at": "2024-03-02T19:36:21.772Z"
        }
    },
    {
        "model": "players.player",
        "pk": "player_1GmkBLcP0Y2Cm8KDwQPLFR",
        "fields": {
            "discord_user": "dc_user_5TX9Vy2JCpr22maAH8lUy8",
            "steam_user": "steam_user_G5BQCSL2zLFUEKWHnBgYo",
            "created_at": "2024-03-02T19:40:04.615Z",
            "updated_at": "2024-03-02T19:40:04.615Z"
        }
    },
    {
        "model": "players.player",
        "pk": "player_21OL2nH8ivBdHpSW8yaWn5",
        "fields": {
            "discord_user": "dc_user_NcIn837QSipiKDE20onWq",
            "steam_user": "steam_user_4LmgvpjV0HuAwcobZGo6Xt",
            "created_at": "2024-03-02T19:48:05.178Z",
            "updated_at": "2024-03-02T19:48:05.178Z"
        }
    },
    {
        "model": "players.player",
        "pk": "player_3cVki2vJg7EI39TPO3MWD1",
        "fields": {
            "discord_user": "dc_user_1V690dY0rupJwdllFB0peU",
            "steam_user": "steam_user_42hrmEBDDJo8ivFuQYCdOh",
            "created_at": "2024-03-02T19:40:46.427Z",
            "updated_at": "2024-03-02T19:40:46.427Z"
        }
    },
    {
        "model": "players.player",
        "pk": "player_3kk9HASSJkUTdME1IXggj9",
        "fields": {
            "discord_user": "dc_user_7odt57eUlH3k00mg1OL0iF",
            "steam_user": "steam_user_6y7U7TKv8HkMBrnB38xbXX",
            "created_at": "2024-03-02T19:39:29.377Z",
            "updated_at": "2024-03-02T19:39:29.377Z"
        }
    },
    {
        "model": "players.player",
        "pk": "player_4O4EyP64Hnt0fqk77doNDh",
        "fields": {
            "discord_user": "dc_user_3YTMW0GVZiSF7FKgXtmN8V",
            "steam_user": "steam_user_488gu11196EPCGgEDkQ7jJ",
            "created_at": "2024-03-02T19:39:51.369Z",
            "updated_at": "2024-03-02T19:39:51.369Z"
        }
    },
    {
        "model": "players.player",
        "pk": "player_56DDe1rzxovx7IMMSCIPkp",
        "fields": {
            "discord_user": "dc_user_7y9uch1pyTRMkgBogcNULY",
            "steam_user": "steam_user_4bYgjvKi6EPwKzK18kRW5Z",
            "created_at": "2024-03-02T19:40:25.579Z",
            "updated_at": "2024-03-02T19:40:25.579Z"
        }
    },
    {
        "model": "players.player",
        "pk": "player_59I0zl36jfbrjZmwcvzyqt",
        "fields": {
            "discord_user": "dc_user_5gq9QBBHxdW58rEHoiRQM2",
            "steam_user": "steam_user_15oNbFqvErPSGQt8E2zlb9",
            "created_at": "2024-03-02T19:39:20.753Z",
            "updated_at": "2024-03-02T19:39:20.753Z"
        }
    },
    {
        "model": "players.player",
        "pk": "player_5F8GnsNQLdL01zyVG5aaZ9",
        "fields": {
            "discord_user": "dc_user_6GPMjKBS6tGI7TJHx9Y2F2",
            "steam_user": "steam_user_6YTKixZLN7Fm3e2kRSsZ0F",
            "created_at": "2024-03-02T15:03:53.302Z",
            "updated_at": "2024-03-02T15:03:53.302Z"
        }
    },
    {
        "model": "players.player",
        "pk": "player_5lGpa9v4d7Pvw0lRnD3GVS",
        "fields": {
            "discord_user": "dc_user_6Web8Nc0m053E1RIL95ryZ",
            "steam_user": "steam_user_2YTJQSQrqOfL5hqskTnK20",
            "created_at": "2024-03-02T19:40:18.865Z",
            "updated_at": "2024-03-02T19:40:18.865Z"
        }
    },
    {
        "model": "players.player",
        "pk": "player_5P71CPfXFylWTUad2Se1Im",
        "fields": {
            "discord_user": "dc_user_7h5sqU3X0cSK8WP3v735i1",
            "steam_user": "steam_user_6N7zYvs7rXs9GZXbJqP2vn",
            "created_at": "2024-03-02T19:39:37.899Z",
            "updated_at": "2024-03-02T19:39:37.899Z"
        }
    },
    {
        "model": "players.player",
        "pk": "player_6lwP2WuJBQxQKd3x7v8Flv",
        "fields": {
            "discord_user": "dc_user_6Wobo8gV3MQsdRszk7HnQA",
            "steam_user": "steam_user_7jAZvATB3oi2jqMJDEHWL8",
            "created_at": "2024-03-02T19:39:44.699Z",
            "updated_at": "2024-03-02T19:39:44.699Z"
        }
    },
    {
        "model": "players.player",
        "pk": "player_6ZPCU4jtqzDgLJAMjIVAar",
        "fields": {
            "discord_user": "dc_user_BRmw5fcRmGdS2TLh5nm1y",
            "steam_user": "steam_user_5bUEKuIhRkAyNM2HR1o22y",
            "created_at": "2024-03-02T19:40:11.665Z",
            "updated_at": "2024-03-02T19:40:11.665Z"
        }
    },
    {
        "model": "players.player",
        "pk": "player_7dtVoESBTyMYR24vIrpTAk",
        "fields": {
            "discord_user": "dc_user_4FAW2JcWo3WSaDc06fdmbR",
            "steam_user": "steam_user_7rhYrMKl4PeqHbhxEFeWKR",
            "created_at": "2024-03-02T19:40:54.332Z",
            "updated_at": "2024-03-02T19:40:54.332Z"
        }
    },
    {
        "model": "players.player",
        "pk": "player_HDCGgLON7Sy97doyk6xeT",
        "fields": {
            "discord_user": "dc_user_aQrQYKkyNFwe8hoZTtodn",
            "steam_user": "steam_user_67gmBq3eQYCkn1CVBFrygZ",
            "created_at": "2024-03-02T19:40:34.796Z",
            "updated_at": "2024-03-02T19:40:34.796Z"
        }
    },
    {
        "model": "players.team",
        "pk": "team_2FF6qfwlcvuA2RtOftQuWt",
        "fields": {
            "name": "Team 1",
            "leader": "player_21OL2nH8ivBdHpSW8yaWn5",
            "created_at": "2024-03-02T15:03:57.667Z",
            "updated_at": "2024-03-02T22:07:43.912Z",
            "players": [
                "player_21OL2nH8ivBdHpSW8yaWn5",
                "player_3kk9HASSJkUTdME1IXggj9",
                "player_56DDe1rzxovx7IMMSCIPkp",
                "player_5P71CPfXFylWTUad2Se1Im"
            ]
        }
    },
    {
        "model": "players.team",
        "pk": "team_p1KP0VzN0XQq1FkWSWiGV",
        "fields": {
            "name": "Team 2",
            "leader": "player_5lGpa9v4d7Pvw0lRnD3GVS",
            "created_at": "2024-03-02T15:03:57.669Z",
            "updated_at": "2024-03-02T22:07:43.915Z",
            "players": [
                "player_4O4EyP64Hnt0fqk77doNDh",
                "player_59I0zl36jfbrjZmwcvzyqt",
                "player_5F8GnsNQLdL01zyVG5aaZ9",
                "player_5lGpa9v4d7Pvw0lRnD3GVS",
                "player_6lwP2WuJBQxQKd3x7v8Flv"
            ]
        }
    }
]